payment_id,sale_id,payment_date,amount_paid,payment_method
1,1,06-01-2024,7296,Cash
2,2,04-01-2024,7314,Card
3,3,04-01-2024,3457,Cash
4,3,07-01-2024,384,Cash
5,3,12-01-2024,1856,Card
6,4,15-01-2024,408,Card
7,4,11-01-2024,1117,Cash
8,4,12-01-2024,214,Card
9,5,08-01-2024,18231,Card
10,6,09-01-2024,9106,Cash
11,6,12-01-2024,18590,Cash
12,7,13-01-2024,397,UPI
13,7,17-01-2024,2642,UPI
14,8,16-01-2024,26447,Card
15,9,18-01-2024,323,UPI
16,9,20-01-2024,3767,Card
17,10,12-01-2024,6301,Cash
18,10,15-01-2024,7468,Cash
19,10,14-01-2024,9931,Cash
20,11,22-01-2024,14858,UPI
21,11,14-01-2024,10053,UPI
22,12,23-01-2024,23283,UPI
23,13,22-01-2024,1402,Card
24,13,16-01-2024,1003,UPI
25,13,20-01-2024,2274,UPI
26,14,18-01-2024,36501,Card
27,14,15-01-2024,2657,Cash
28,14,15-01-2024,2785,UPI
29,15,19-01-2024,2169,Card
30,15,21-01-2024,24121,Cash
31,16,27-01-2024,25929,UPI
32,16,19-01-2024,17025,UPI
33,17,26-01-2024,9150,Card
34,18,28-01-2024,14039,UPI
35,18,22-01-2024,1483,Cash
36,18,27-01-2024,1697,UPI
37,19,21-01-2024,5957,Cash
38,20,31-01-2024,41120,UPI
39,21,28-01-2024,39086,UPI
40,22,27-01-2024,34677,Card
41,22,23-01-2024,4375,Card
42,23,03-02-2024,23616,Card
43,24,26-01-2024,11147,UPI
44,24,27-01-2024,3562,UPI
45,24,25-01-2024,2777,Card
46,25,03-02-2024,5855,Cash
47,25,30-01-2024,10245,Card
48,25,03-02-2024,1161,Card
49,26,01-02-2024,13035,Cash
50,27,06-02-2024,38,UPI
51,27,28-01-2024,32022,Cash
52,27,02-02-2024,3288,UPI
53,28,01-02-2024,15692,Card
54,29,06-02-2024,2580,Cash
55,30,02-02-2024,34911,Card
56,31,05-02-2024,2706,Card
57,31,07-02-2024,9939,Cash
58,31,09-02-2024,2929,Card
59,32,06-02-2024,22605,UPI
60,33,10-02-2024,16960,Cash
61,33,06-02-2024,7512,Cash
62,34,13-02-2024,173,Card
63,34,07-02-2024,4023,Card
64,35,06-02-2024,7216,Card
65,36,09-02-2024,41359,Cash
66,37,15-02-2024,291,Cash
67,37,11-02-2024,1767,Card
68,38,16-02-2024,15906,Cash
69,39,16-02-2024,18882,Cash
70,39,15-02-2024,3875,Cash
71,39,10-02-2024,945,Cash
72,40,16-02-2024,11610,UPI
73,40,17-02-2024,9983,Card
74,41,21-02-2024,2677,Cash
75,41,17-02-2024,63,Card
76,41,16-02-2024,810,Cash
77,42,15-02-2024,16295,Card
78,43,19-02-2024,29400,Cash
79,44,15-02-2024,4093,UPI
80,44,22-02-2024,5034,Cash
81,45,15-02-2024,1108,Cash
82,45,17-02-2024,243,UPI
83,45,22-02-2024,306,UPI
84,46,18-02-2024,481,UPI
85,46,16-02-2024,6523,UPI
86,47,23-02-2024,9348,Card
87,47,25-02-2024,8032,Card
88,48,21-02-2024,31894,UPI
89,49,28-02-2024,7133,Card
90,50,25-02-2024,17766,Cash
91,51,29-02-2024,977,Card
92,51,21-02-2024,162,Card
93,51,22-02-2024,504,Cash
94,52,03-03-2024,557,Cash
95,52,23-02-2024,1654,Card
96,52,25-02-2024,2279,Card
97,53,03-03-2024,38962,Cash
98,54,04-03-2024,19126,Card
99,54,28-02-2024,5184,Cash
100,54,05-03-2024,3164,Card
101,55,29-02-2024,10295,UPI
102,56,04-03-2024,2458,UPI
103,56,27-02-2024,1540,Cash
104,56,04-03-2024,290,Card
105,57,28-02-2024,36896,Card
106,58,01-03-2024,4346,UPI
107,58,02-03-2024,1128,UPI
108,58,03-03-2024,8495,Cash
109,59,04-03-2024,11527,Card
110,59,08-03-2024,2679,Cash
111,59,10-03-2024,152,Card
112,60,03-03-2024,3395,UPI
113,60,02-03-2024,1892,Card
114,60,09-03-2024,14333,Cash
115,61,07-03-2024,6902,Cash
116,61,12-03-2024,10946,Card
117,62,10-03-2024,16562,UPI
118,62,03-03-2024,11386,Cash
119,63,04-03-2024,18133,Cash
120,63,09-03-2024,23435,Cash
121,64,12-03-2024,10590,Card
122,64,11-03-2024,31163,Card
123,65,07-03-2024,633,Card
124,66,12-03-2024,591,Card
125,66,09-03-2024,9053,UPI
126,66,09-03-2024,124,Cash
127,67,13-03-2024,654,Cash
128,67,18-03-2024,9447,Cash
129,68,17-03-2024,6391,UPI
130,68,18-03-2024,345,Card
131,69,12-03-2024,5064,Cash
132,70,13-03-2024,27020,Card
133,71,16-03-2024,4066,Cash
134,71,13-03-2024,6819,UPI
135,72,16-03-2024,912,UPI
136,72,18-03-2024,1625,UPI
137,73,14-03-2024,14915,Card
138,74,19-03-2024,2690,Cash
139,74,19-03-2024,3638,UPI
140,75,26-03-2024,13097,Card
141,75,16-03-2024,2713,Cash
142,75,20-03-2024,5210,Cash
143,76,18-03-2024,2508,Card
144,76,23-03-2024,35541,UPI
145,77,26-03-2024,19865,Cash
146,77,24-03-2024,692,Card
147,78,25-03-2024,364,Cash
148,78,27-03-2024,5864,Card
149,79,25-03-2024,43950,UPI
150,80,30-03-2024,1353,UPI
151,80,22-03-2024,680,Card
152,80,25-03-2024,259,Card
153,81,27-03-2024,13383,UPI
154,81,26-03-2024,5712,Card
155,81,24-03-2024,1174,Cash
156,82,02-04-2024,12424,Card
157,82,25-03-2024,14792,Card
158,82,01-04-2024,338,UPI
159,83,28-03-2024,14,UPI
160,83,30-03-2024,6888,Card
161,83,02-04-2024,19710,Card
162,84,01-04-2024,7239,Card
163,84,28-03-2024,3320,Card
164,85,05-04-2024,2781,Cash
165,85,03-04-2024,4650,Card
166,85,05-04-2024,8074,Card
167,86,30-03-2024,10983,Card
168,87,31-03-2024,10171,Cash
169,88,01-04-2024,1600,UPI
170,89,06-04-2024,40060,UPI
171,90,06-04-2024,6372,UPI
172,90,03-04-2024,6548,Cash
173,90,10-04-2024,7716,Card
174,91,07-04-2024,363,Cash
175,92,09-04-2024,8487,Cash
176,92,05-04-2024,2284,Cash
177,92,09-04-2024,755,Cash
178,93,11-04-2024,17405,Card
179,93,10-04-2024,5199,Card
180,93,11-04-2024,7846,UPI
181,94,06-04-2024,14612,Card
182,94,11-04-2024,7778,UPI
183,94,07-04-2024,4826,Card
184,95,15-04-2024,7940,Cash
185,95,12-04-2024,563,Cash
186,95,09-04-2024,583,Cash
187,96,14-04-2024,10477,Cash
188,96,08-04-2024,7330,Cash
189,97,09-04-2024,11370,Card
190,97,10-04-2024,3785,Cash
191,98,16-04-2024,5422,UPI
192,98,14-04-2024,8172,Cash
193,99,18-04-2024,6382,Card
194,99,09-04-2024,7173,Card
195,100,15-04-2024,194,UPI
196,100,16-04-2024,24734,UPI
197,101,18-04-2024,14454,Cash
198,101,17-04-2024,8944,UPI
199,101,11-04-2024,11874,UPI
200,102,14-04-2024,6625,UPI
201,102,21-04-2024,1046,Card
202,102,12-04-2024,3343,UPI
203,103,14-04-2024,889,Card
204,103,15-04-2024,14045,UPI
205,103,15-04-2024,4461,Cash
206,104,17-04-2024,5364,UPI
207,104,19-04-2024,3160,UPI
208,105,21-04-2024,9118,UPI
209,105,16-04-2024,15825,UPI
210,106,16-04-2024,1105,UPI
211,106,26-04-2024,58,Cash
212,106,26-04-2024,107,Cash
213,107,20-04-2024,2033,Cash
214,108,21-04-2024,40719,Cash
215,109,28-04-2024,3749,Cash
216,109,23-04-2024,15239,UPI
217,109,21-04-2024,12047,Card
218,110,22-04-2024,3754,UPI
219,110,29-04-2024,1772,Cash
220,110,24-04-2024,14372,Card
221,111,24-04-2024,12998,Cash
222,111,30-04-2024,9197,Card
223,112,23-04-2024,7958,Card
224,112,02-05-2024,9883,Card
225,112,23-04-2024,9375,Card
226,113,29-04-2024,2183,Card
227,113,28-04-2024,508,Cash
228,114,24-04-2024,22363,UPI
229,114,25-04-2024,8032,UPI
230,114,29-04-2024,2763,Card
231,115,27-04-2024,23178,UPI
232,115,27-04-2024,3977,Card
233,116,05-05-2024,17701,Card
234,116,03-05-2024,15844,UPI
235,116,05-05-2024,648,UPI
236,117,28-04-2024,21122,UPI
237,118,05-05-2024,29543,Card
238,119,04-05-2024,12419,Cash
239,119,04-05-2024,4050,Cash
240,119,06-05-2024,3530,Cash
241,120,04-05-2024,5577,Card
242,120,04-05-2024,6049,Card
243,121,02-05-2024,196,Cash
244,121,07-05-2024,369,UPI
245,121,09-05-2024,100,Cash
246,122,09-05-2024,42330,UPI
247,122,02-05-2024,2929,Cash
248,123,09-05-2024,9641,Card
249,124,13-05-2024,5440,UPI
250,124,11-05-2024,2532,Card
251,125,13-05-2024,13943,UPI
252,125,10-05-2024,3454,Card
253,126,10-05-2024,10048,Cash
254,126,07-05-2024,19688,Card
255,127,15-05-2024,1959,Card
256,127,09-05-2024,10662,Cash
257,128,12-05-2024,7934,Card
258,128,16-05-2024,4830,Card
259,128,12-05-2024,1416,Cash
260,129,14-05-2024,3728,Cash
261,129,13-05-2024,8993,Cash
262,130,14-05-2024,4148,Cash
263,130,18-05-2024,1787,UPI
264,130,12-05-2024,17265,Card
265,131,11-05-2024,32170,Card
266,132,19-05-2024,15687,UPI
267,132,14-05-2024,2947,Cash
268,133,14-05-2024,3739,UPI
269,133,20-05-2024,12807,Cash
270,134,16-05-2024,3513,Card
271,135,18-05-2024,19912,Cash
272,136,24-05-2024,14791,UPI
273,136,23-05-2024,21782,UPI
274,137,21-05-2024,14052,Card
275,137,17-05-2024,5088,Card
276,137,18-05-2024,347,Cash
277,138,22-05-2024,40993,Card
278,139,22-05-2024,5320,Cash
279,140,22-05-2024,36175,Cash
280,141,30-05-2024,22590,UPI
281,141,25-05-2024,4182,Cash
282,142,26-05-2024,11583,Card
283,142,29-05-2024,3587,Cash
284,143,02-06-2024,12908,Card
285,143,02-06-2024,2389,Cash
286,144,01-06-2024,27861,Cash
287,145,26-05-2024,2331,Cash
288,145,27-05-2024,7433,UPI
289,146,30-05-2024,37304,UPI
290,146,02-06-2024,255,Card
291,146,30-05-2024,1437,Card
292,147,04-06-2024,16400,UPI
293,147,03-06-2024,9978,Cash
294,148,06-06-2024,1321,UPI
295,148,28-05-2024,1291,Cash
296,149,07-06-2024,6849,Card
297,149,08-06-2024,22,UPI
298,149,07-06-2024,630,Cash
299,150,09-06-2024,8503,UPI
300,150,03-06-2024,2978,Cash
301,151,07-06-2024,26682,Cash
302,151,05-06-2024,963,UPI
303,151,05-06-2024,921,UPI
304,152,03-06-2024,43917,UPI
305,153,06-06-2024,8118,Card
306,153,10-06-2024,3281,Cash
307,153,09-06-2024,2089,Cash
308,154,04-06-2024,10594,UPI
309,154,11-06-2024,10018,Cash
310,155,10-06-2024,30277,Cash
311,155,12-06-2024,3074,UPI
312,155,13-06-2024,9749,UPI
313,156,08-06-2024,3383,UPI
314,156,13-06-2024,37603,Cash
315,157,07-06-2024,7942,Cash
316,157,16-06-2024,1496,Card
317,158,11-06-2024,2595,Card
318,158,15-06-2024,225,UPI
319,158,08-06-2024,12862,Cash
320,159,18-06-2024,963,Cash
321,159,15-06-2024,6472,Card
322,160,15-06-2024,8960,UPI
323,160,12-06-2024,7737,UPI
324,160,17-06-2024,2430,Cash
325,161,19-06-2024,12569,Card
326,162,15-06-2024,8946,UPI
327,163,12-06-2024,4378,UPI
328,163,16-06-2024,5948,Card
329,163,21-06-2024,811,Card
330,164,20-06-2024,32089,Card
331,165,22-06-2024,10894,Card
332,165,20-06-2024,20847,UPI
333,166,18-06-2024,21088,Card
334,167,22-06-2024,12549,Cash
335,168,23-06-2024,7750,UPI
336,168,19-06-2024,2671,UPI
337,168,17-06-2024,5,Cash
338,169,19-06-2024,21758,UPI
339,169,26-06-2024,1634,UPI
340,169,18-06-2024,9526,Card
341,170,20-06-2024,1265,UPI
342,170,23-06-2024,3458,UPI
343,171,30-06-2024,13025,Cash
344,171,25-06-2024,6978,Card
345,171,28-06-2024,419,UPI
346,172,29-06-2024,15990,Cash
347,172,24-06-2024,561,Card
348,172,01-07-2024,4201,UPI
349,173,28-06-2024,1481,Cash
350,173,02-07-2024,12458,Card
351,173,23-06-2024,969,UPI
352,174,23-06-2024,4907,Cash
353,174,23-06-2024,2658,UPI
354,174,28-06-2024,3337,UPI
355,175,27-06-2024,28225,Card
356,176,27-06-2024,22342,Cash
357,176,26-06-2024,1435,Card
358,176,01-07-2024,3227,Card
359,177,05-07-2024,14956,Cash
360,177,29-06-2024,827,UPI
361,178,07-07-2024,8367,Cash
362,178,04-07-2024,8277,UPI
363,179,29-06-2024,5177,UPI
364,179,07-07-2024,11324,UPI
365,179,08-07-2024,5702,UPI
366,180,03-07-2024,29940,Cash
367,180,05-07-2024,15300,UPI
368,181,06-07-2024,6989,Card
369,182,05-07-2024,4848,Cash
370,182,11-07-2024,6800,UPI
371,182,05-07-2024,114,Cash
372,183,11-07-2024,3215,Card
373,183,06-07-2024,32554,Cash
374,183,11-07-2024,1319,UPI
375,184,12-07-2024,3116,UPI
376,184,13-07-2024,11105,Card
377,184,05-07-2024,131,Card
378,185,04-07-2024,5295,UPI
379,185,04-07-2024,903,Card
380,185,09-07-2024,169,Card
381,186,09-07-2024,8612,UPI
382,187,09-07-2024,27230,Cash
383,188,15-07-2024,34790,UPI
384,188,09-07-2024,560,UPI
385,189,13-07-2024,12232,Cash
386,189,15-07-2024,3557,Cash
387,190,19-07-2024,4612,Card
388,191,11-07-2024,11986,UPI
389,191,14-07-2024,229,Card
390,191,11-07-2024,13829,UPI
391,192,15-07-2024,11016,Card
392,192,21-07-2024,781,UPI
393,192,12-07-2024,280,Card
394,193,21-07-2024,411,Card
395,193,17-07-2024,14912,Card
396,194,23-07-2024,518,UPI
397,194,17-07-2024,5744,Card
398,194,19-07-2024,991,Cash
399,195,14-07-2024,9160,UPI
400,196,16-07-2024,16142,Cash
401,197,22-07-2024,35228,UPI
402,198,25-07-2024,11412,UPI
403,198,19-07-2024,602,UPI
404,198,27-07-2024,143,Cash
405,199,24-07-2024,20174,UPI
406,199,18-07-2024,7144,Card
407,200,26-07-2024,24283,UPI
408,201,30-07-2024,1628,UPI
409,201,28-07-2024,13845,Card
410,202,27-07-2024,23506,UPI
411,203,29-07-2024,12439,Cash
412,204,02-08-2024,21717,Card
413,205,24-07-2024,39134,UPI
414,206,03-08-2024,7981,Cash
415,207,04-08-2024,1698,Cash
416,207,31-07-2024,955,Cash
417,207,04-08-2024,1843,Cash
418,208,29-07-2024,9085,Card
419,209,29-07-2024,8213,Card
420,210,29-07-2024,844,UPI
421,211,30-07-2024,5305,Cash
422,211,30-07-2024,4348,Cash
423,211,05-08-2024,5940,Card
424,212,07-08-2024,521,UPI
425,212,05-08-2024,6374,Card
426,212,09-08-2024,553,Cash
427,213,10-08-2024,3630,Cash
428,213,09-08-2024,10796,UPI
429,213,08-08-2024,385,Card
430,214,09-08-2024,1020,UPI
431,215,10-08-2024,1769,Card
432,215,04-08-2024,7268,Cash
433,215,08-08-2024,4931,Card
434,216,06-08-2024,4860,UPI
435,217,13-08-2024,19182,Card
436,217,11-08-2024,666,Card
437,217,13-08-2024,609,UPI
438,218,12-08-2024,9920,Cash
439,218,16-08-2024,938,Card
440,218,14-08-2024,4009,Card
441,219,10-08-2024,3700,UPI
442,219,12-08-2024,3345,UPI
443,220,09-08-2024,11954,UPI
444,220,14-08-2024,1111,UPI
445,221,19-08-2024,5002,UPI
446,221,10-08-2024,11702,Cash
447,222,16-08-2024,5594,Cash
448,223,13-08-2024,12211,Card
449,223,20-08-2024,983,Card
450,223,19-08-2024,11204,UPI
451,224,18-08-2024,21954,UPI
452,225,17-08-2024,1686,Card
453,225,18-08-2024,10239,Cash
454,225,22-08-2024,15792,Card
455,226,24-08-2024,13942,UPI
456,227,20-08-2024,14696,Card
457,228,20-08-2024,24088,Card
458,229,25-08-2024,6924,Card
459,229,26-08-2024,486,Card
460,230,22-08-2024,1348,Cash
461,230,22-08-2024,93,Card
462,230,22-08-2024,279,UPI
463,231,21-08-2024,23004,Cash
464,232,21-08-2024,13133,Cash
465,232,20-08-2024,5187,Cash
466,232,28-08-2024,237,Cash
467,233,26-08-2024,7433,Cash
468,233,26-08-2024,4894,UPI
469,234,23-08-2024,19538,Cash
470,234,24-08-2024,319,Card
471,234,22-08-2024,1401,Card
472,235,02-09-2024,1815,UPI
473,235,30-08-2024,858,Card
474,236,27-08-2024,8952,Card
475,236,25-08-2024,20017,UPI
476,237,29-08-2024,14087,Card
477,238,03-09-2024,31892,Card
478,238,26-08-2024,5054,Cash
479,238,01-09-2024,7519,Card
480,239,30-08-2024,1795,UPI
481,240,01-09-2024,6921,UPI
482,241,29-08-2024,10751,UPI
483,242,01-09-2024,5758,UPI
484,242,07-09-2024,18720,Card
485,243,10-09-2024,9155,UPI
486,243,06-09-2024,591,Card
487,243,31-08-2024,5334,UPI
488,244,06-09-2024,160,Card
489,244,07-09-2024,1068,Card
490,245,08-09-2024,20977,UPI
491,245,08-09-2024,944,Cash
492,245,07-09-2024,4583,Cash
493,246,08-09-2024,30140,Cash
494,246,04-09-2024,7,Cash
495,246,09-09-2024,5,Card
496,247,10-09-2024,1289,UPI
497,247,07-09-2024,5563,UPI
498,247,06-09-2024,6269,Cash
499,248,13-09-2024,7473,Card
500,248,10-09-2024,6354,UPI
501,248,15-09-2024,19628,Cash
502,249,08-09-2024,15484,UPI
503,250,16-09-2024,12928,Cash
504,251,18-09-2024,4938,UPI
505,252,18-09-2024,24900,UPI
506,252,19-09-2024,4625,Card
507,252,18-09-2024,880,UPI
508,253,17-09-2024,4947,Cash
509,253,17-09-2024,15605,UPI
510,254,20-09-2024,18002,Cash
511,254,16-09-2024,23376,Card
512,255,19-09-2024,3783,Cash
513,255,12-09-2024,1079,UPI
514,256,23-09-2024,18813,Cash
515,257,20-09-2024,16616,UPI
516,257,22-09-2024,2378,Card
517,257,14-09-2024,1158,UPI
518,258,20-09-2024,12337,Card
519,258,23-09-2024,15586,Cash
520,258,15-09-2024,9541,UPI
521,259,17-09-2024,2926,Card
522,259,26-09-2024,465,Cash
523,260,24-09-2024,2565,UPI
524,261,23-09-2024,5202,UPI
525,261,24-09-2024,4635,UPI
526,261,23-09-2024,7335,Card
527,262,29-09-2024,39183,Card
528,263,25-09-2024,10965,Cash
529,264,25-09-2024,12667,UPI
530,264,30-09-2024,5379,Cash
531,264,26-09-2024,237,Cash
532,265,27-09-2024,4635,UPI
533,265,02-10-2024,10749,UPI
534,265,24-09-2024,3711,Card
535,266,29-09-2024,4579,Card
536,266,28-09-2024,973,Cash
537,267,04-10-2024,34497,Card
538,268,25-09-2024,11857,UPI
539,268,27-09-2024,5061,Cash
540,268,30-09-2024,10830,UPI
541,269,28-09-2024,12583,Cash
542,270,05-10-2024,829,Card
543,270,05-10-2024,4228,Cash
544,271,30-09-2024,20252,Card
545,271,04-10-2024,1438,Cash
546,272,08-10-2024,10633,Cash
547,273,06-10-2024,28683,UPI
548,274,08-10-2024,15567,Card
549,274,08-10-2024,9337,Cash
550,274,09-10-2024,19422,Cash
551,275,07-10-2024,6358,Card
552,275,11-10-2024,13923,UPI
553,276,09-10-2024,25498,Card
554,276,11-10-2024,4758,UPI
555,277,13-10-2024,10620,Cash
556,278,15-10-2024,8192,UPI
557,279,14-10-2024,3362,Cash
558,279,07-10-2024,9341,Cash
559,279,10-10-2024,11624,UPI
560,280,13-10-2024,33643,Cash
561,281,13-10-2024,14494,Cash
562,281,14-10-2024,57,Cash
563,282,12-10-2024,12254,UPI
564,282,14-10-2024,1338,Cash
565,282,09-10-2024,12390,UPI
566,283,15-10-2024,2663,Cash
567,283,10-10-2024,141,UPI
568,283,17-10-2024,442,Card
569,284,18-10-2024,3843,Card
570,284,12-10-2024,6,Cash
571,284,15-10-2024,698,Cash
572,285,18-10-2024,8648,Cash
573,285,15-10-2024,591,UPI
574,285,13-10-2024,559,Cash
575,286,22-10-2024,10469,UPI
576,286,14-10-2024,5157,Cash
577,287,22-10-2024,19554,Cash
578,287,24-10-2024,7862,Card
579,288,17-10-2024,18843,UPI
580,289,25-10-2024,28130,UPI
581,290,19-10-2024,3413,Card
582,290,25-10-2024,702,UPI
583,290,18-10-2024,3767,Card
584,291,24-10-2024,1333,UPI
585,291,28-10-2024,1427,UPI
586,291,23-10-2024,30488,UPI
587,292,24-10-2024,24488,Cash
588,293,30-10-2024,22596,Card
589,294,26-10-2024,6023,Cash
590,294,26-10-2024,46,Card
591,294,26-10-2024,724,Card
592,295,29-10-2024,7613,Card
593,295,24-10-2024,747,Cash
594,295,29-10-2024,3114,Cash
595,296,23-10-2024,19231,Cash
596,297,01-11-2024,636,UPI
597,297,01-11-2024,737,UPI
598,298,04-11-2024,8300,Cash
599,299,05-11-2024,784,UPI
600,299,30-10-2024,8591,Cash
601,300,03-11-2024,13108,UPI
602,300,01-11-2024,11010,Cash
603,301,02-11-2024,16303,Card
604,301,29-10-2024,4370,Card
605,301,03-11-2024,11846,Cash
606,302,31-10-2024,13474,Card
607,302,03-11-2024,301,Cash
608,302,30-10-2024,335,UPI
609,303,08-11-2024,14612,Card
610,303,05-11-2024,4763,Cash
611,304,07-11-2024,11520,Cash
612,304,05-11-2024,11082,Card
613,305,01-11-2024,10478,Cash
614,305,11-11-2024,3774,Card
615,306,12-11-2024,16813,Cash
616,306,02-11-2024,9808,Cash
617,307,03-11-2024,28717,Cash
618,307,06-11-2024,1102,Card
619,307,08-11-2024,9998,UPI
620,308,13-11-2024,1062,Cash
621,308,11-11-2024,22252,UPI
622,308,09-11-2024,1776,UPI
623,309,13-11-2024,1128,UPI
624,309,10-11-2024,1631,Card
625,309,09-11-2024,2279,Cash
626,310,08-11-2024,7434,UPI
627,311,11-11-2024,7718,UPI
628,311,14-11-2024,26212,Cash
629,312,11-11-2024,16096,Cash
630,312,10-11-2024,3953,Cash
631,313,16-11-2024,29625,Cash
632,314,15-11-2024,43768,Card
633,314,11-11-2024,922,Card
634,315,13-11-2024,19658,Card
635,315,21-11-2024,15873,Cash
636,316,13-11-2024,7348,Cash
637,316,14-11-2024,12978,Cash
638,316,19-11-2024,3364,Cash
639,317,18-11-2024,18753,UPI
640,317,15-11-2024,4520,Card
641,317,14-11-2024,378,Cash
642,318,22-11-2024,15685,UPI
643,318,20-11-2024,4584,Card
644,319,20-11-2024,4833,Card
645,320,26-11-2024,3817,Card
646,320,21-11-2024,1043,Cash
647,321,26-11-2024,20965,Cash
648,321,23-11-2024,1058,Card
649,321,17-11-2024,5143,Cash
650,322,22-11-2024,33954,Cash
651,323,24-11-2024,1848,Card
652,323,23-11-2024,3459,Cash
653,324,30-11-2024,8211,Card
654,325,01-12-2024,17986,UPI
655,326,30-11-2024,6123,Card
656,326,01-12-2024,11052,Card
657,326,24-11-2024,23092,Cash
658,327,28-11-2024,39659,Card
659,327,23-11-2024,169,Cash
660,327,23-11-2024,3342,Card
661,328,03-12-2024,6908,UPI
662,328,03-12-2024,11991,Card
663,329,05-12-2024,1821,Card
664,329,29-11-2024,163,Card
665,330,06-12-2024,8025,UPI
666,330,30-11-2024,11773,UPI
667,331,29-11-2024,491,UPI
668,331,04-12-2024,3405,UPI
669,331,30-11-2024,886,UPI
670,332,03-12-2024,19879,Card
671,333,05-12-2024,5659,Cash
672,333,07-12-2024,3036,Card
673,333,30-11-2024,1768,UPI
674,334,04-12-2024,1004,UPI
675,334,03-12-2024,6917,Cash
676,335,05-12-2024,3172,UPI
677,336,04-12-2024,8136,UPI
678,336,11-12-2024,12028,Card
679,337,05-12-2024,20494,UPI
680,338,08-12-2024,16344,UPI
681,338,04-12-2024,522,Cash
682,339,08-12-2024,14983,Cash
683,339,10-12-2024,9558,Cash
684,339,05-12-2024,1230,UPI
685,340,16-12-2024,28913,Card
686,340,10-12-2024,1928,Card
687,340,06-12-2024,1592,Cash
688,341,11-12-2024,28241,Card
689,342,08-12-2024,11992,UPI
690,342,08-12-2024,11979,Card
691,343,14-12-2024,18409,Card
692,344,16-12-2024,9456,Card
693,345,20-12-2024,9166,Card
694,345,12-12-2024,20023,Cash
695,345,12-12-2024,325,UPI
696,346,17-12-2024,18280,Cash
697,346,15-12-2024,6177,Card
698,347,13-12-2024,16387,Cash
699,347,13-12-2024,295,Cash
700,348,22-12-2024,15524,UPI
701,348,16-12-2024,7858,Card
702,349,20-12-2024,4581,Card
703,349,17-12-2024,10438,UPI
704,349,24-12-2024,14247,Card
705,350,24-12-2024,11023,Card
706,350,25-12-2024,8026,UPI
707,350,23-12-2024,561,Cash
708,351,18-12-2024,22080,UPI
709,351,26-12-2024,2060,UPI
710,352,22-12-2024,972,Card
711,352,27-12-2024,593,Cash
712,352,18-12-2024,181,Card
713,353,27-12-2024,31486,Card
714,354,30-12-2024,9685,Cash
715,354,20-12-2024,30930,Card
716,355,24-12-2024,22954,Cash
717,356,24-12-2024,6862,UPI
718,356,25-12-2024,7589,UPI
719,357,23-12-2024,15454,Card
720,357,31-12-2024,142,Cash
721,357,31-12-2024,847,UPI
722,358,30-12-2024,17219,UPI
723,358,26-12-2024,4480,UPI
724,359,04-01-2025,23219,Card
725,359,04-01-2025,11720,Card
726,360,02-01-2025,19991,Cash
727,360,29-12-2024,2727,UPI
728,361,31-12-2024,14737,UPI
729,361,30-12-2024,21837,Card
730,362,02-01-2025,15723,Card
731,362,01-01-2025,16324,UPI
732,363,06-01-2025,5543,UPI
733,363,03-01-2025,1617,Cash
734,363,02-01-2025,827,Cash
735,364,04-01-2025,2590,UPI
736,364,03-01-2025,10748,Card
737,364,06-01-2025,5512,Cash
738,365,09-01-2024,2222,Card
739,365,03-01-2024,2226,Cash
740,365,10-01-2024,2173,Card
741,366,05-01-2024,38458,Cash
742,367,13-01-2024,7395,Cash
743,367,04-01-2024,861,UPI
744,367,08-01-2024,13693,Card
745,368,14-01-2024,30959,Cash
746,369,11-01-2024,81,Card
747,369,12-01-2024,244,Card
748,369,08-01-2024,14,UPI
749,370,07-01-2024,1939,Card
750,370,15-01-2024,19109,Cash
751,371,09-01-2024,2445,UPI
752,371,09-01-2024,28910,Cash
753,371,13-01-2024,3716,UPI
754,372,08-01-2024,4743,Cash
755,372,17-01-2024,2445,Card
756,372,09-01-2024,5022,UPI
757,373,17-01-2024,8902,UPI
758,373,11-01-2024,422,Card
759,374,11-01-2024,3160,UPI
760,374,12-01-2024,12176,Card
761,375,13-01-2024,4216,Cash
762,375,15-01-2024,5524,Card
763,375,21-01-2024,5297,Cash
764,376,18-01-2024,10465,UPI
765,376,13-01-2024,672,UPI
766,376,22-01-2024,364,Cash
767,377,20-01-2024,12109,UPI
768,378,18-01-2024,8128,UPI
769,379,19-01-2024,6175,UPI
770,379,19-01-2024,1542,Card
771,380,20-01-2024,37544,Card
772,381,17-01-2024,7744,Card
773,381,24-01-2024,1937,UPI
774,381,19-01-2024,13882,UPI
775,382,19-01-2024,10191,Card
776,382,23-01-2024,4834,Card
777,382,21-01-2024,7456,Cash
778,383,26-01-2024,1255,Card
779,383,28-01-2024,3121,UPI
780,384,27-01-2024,17998,Card
781,384,23-01-2024,3579,Card
782,384,29-01-2024,5675,Cash
783,385,22-01-2024,11855,Card
784,385,22-01-2024,5364,Cash
785,386,31-01-2024,13249,Card
786,386,24-01-2024,4911,UPI
787,386,30-01-2024,17730,UPI
788,387,01-02-2024,842,UPI
789,387,31-01-2024,373,UPI
790,387,23-01-2024,2593,UPI
791,388,31-01-2024,6807,Card
792,388,01-02-2024,119,UPI
793,388,03-02-2024,1721,UPI
794,389,31-01-2024,23700,UPI
795,390,29-01-2024,26753,Card
796,391,02-02-2024,2393,UPI
797,392,29-01-2024,494,UPI
798,392,01-02-2024,130,UPI
799,392,30-01-2024,3554,Cash
800,393,05-02-2024,12534,UPI
801,393,04-02-2024,15014,Cash
802,394,01-02-2024,17672,Card
803,394,31-01-2024,2849,Cash
804,394,07-02-2024,1850,UPI
805,395,03-02-2024,17329,Cash
806,396,05-02-2024,24778,UPI
807,397,08-02-2024,17841,Card
808,397,05-02-2024,3108,Cash
809,397,09-02-2024,1120,UPI
810,398,04-02-2024,3089,Cash
811,398,13-02-2024,7077,UPI
812,399,07-02-2024,40299,Cash
813,400,14-02-2024,4409,Cash
814,401,06-02-2024,22021,Cash
815,401,06-02-2024,6067,UPI
816,401,13-02-2024,1169,Cash
817,402,07-02-2024,35373,Cash
818,403,17-02-2024,15347,UPI
819,403,17-02-2024,17676,Card
820,404,12-02-2024,10508,UPI
821,404,11-02-2024,14357,Card
822,404,17-02-2024,449,Cash
823,405,10-02-2024,9017,Card
824,405,19-02-2024,18086,Card
825,406,17-02-2024,5561,Card
826,406,11-02-2024,127,UPI
827,406,21-02-2024,50,Card
828,407,18-02-2024,5223,UPI
829,407,16-02-2024,1223,UPI
830,407,14-02-2024,6043,Card
831,408,16-02-2024,15516,UPI
832,409,21-02-2024,23185,Cash
833,410,23-02-2024,27297,Card
834,410,17-02-2024,9559,UPI
835,411,21-02-2024,1666,Card
836,411,17-02-2024,6291,UPI
837,412,25-02-2024,24318,Card
838,413,22-02-2024,12483,UPI
839,414,19-02-2024,39514,Cash
840,414,28-02-2024,1542,Card
841,414,29-02-2024,3093,Card
842,415,25-02-2024,1712,UPI
843,415,20-02-2024,5399,Cash
844,416,28-02-2024,962,Cash
845,416,24-02-2024,4952,UPI
846,416,24-02-2024,312,Card
847,417,29-02-2024,12474,Card
848,417,03-03-2024,8603,UPI
849,418,02-03-2024,11785,UPI
850,418,01-03-2024,8427,Cash
851,419,29-02-2024,15385,Cash
852,419,29-02-2024,6074,UPI
853,419,24-02-2024,4847,Card
854,420,25-02-2024,2391,UPI
855,420,05-03-2024,9066,Card
856,420,02-03-2024,3044,UPI
857,421,02-03-2024,9988,Cash
858,422,05-03-2024,4027,Card
859,422,02-03-2024,5531,UPI
860,422,08-03-2024,2888,Card
861,423,04-03-2024,2757,Cash
862,423,01-03-2024,13318,Card
863,424,08-03-2024,12062,Card
864,424,29-02-2024,23756,Card
865,425,11-03-2024,2216,Cash
866,426,12-03-2024,71,Cash
867,426,03-03-2024,347,Card
868,427,06-03-2024,9897,Card
869,428,13-03-2024,991,Card
870,428,14-03-2024,13951,Card
871,429,05-03-2024,15987,Cash
872,429,13-03-2024,8720,UPI
873,429,05-03-2024,6960,Cash
874,430,14-03-2024,18006,UPI
875,430,14-03-2024,562,Card
876,430,16-03-2024,16127,UPI
877,431,08-03-2024,11748,Card
878,432,11-03-2024,9758,Card
879,433,13-03-2024,11615,UPI
880,433,10-03-2024,5635,UPI
881,434,13-03-2024,9257,Card
882,434,13-03-2024,4047,UPI
883,435,12-03-2024,260,UPI
884,435,17-03-2024,3107,Card
885,435,18-03-2024,1916,Cash
886,436,13-03-2024,176,UPI
887,436,18-03-2024,433,Card
888,436,17-03-2024,10,Card
889,437,16-03-2024,175,Cash
890,437,22-03-2024,2836,UPI
891,437,17-03-2024,113,Cash
892,438,22-03-2024,1149,Card
893,438,16-03-2024,68,UPI
894,438,14-03-2024,1219,Cash
895,439,21-03-2024,19235,Cash
896,440,25-03-2024,19613,Cash
897,441,22-03-2024,35427,UPI
898,441,19-03-2024,1711,Card
899,442,26-03-2024,23729,Card
900,443,20-03-2024,22666,UPI
901,444,25-03-2024,7606,Card
902,445,26-03-2024,25999,Cash
903,445,25-03-2024,10390,UPI
904,445,28-03-2024,3841,Cash
905,446,28-03-2024,12302,Cash
906,446,01-04-2024,9599,UPI
907,446,23-03-2024,1417,Card
908,447,24-03-2024,19357,Cash
909,448,30-03-2024,8780,Card
910,449,31-03-2024,41543,UPI
911,450,27-03-2024,11819,Cash
912,451,31-03-2024,11794,Cash
913,451,29-03-2024,8408,Cash
914,452,05-04-2024,7354,Card
915,452,05-04-2024,4926,UPI
916,453,30-03-2024,6769,UPI
917,454,08-04-2024,36321,Card
918,455,04-04-2024,405,UPI
919,455,06-04-2024,20856,Cash
920,456,10-04-2024,15909,Card
921,456,11-04-2024,5557,UPI
922,456,03-04-2024,26037,Cash
923,457,09-04-2024,4398,Cash
924,457,03-04-2024,4413,Cash
925,458,07-04-2024,13799,UPI
926,458,04-04-2024,14687,UPI
927,459,14-04-2024,16495,UPI
928,460,12-04-2024,6408,Cash
929,460,09-04-2024,2220,Cash
930,460,11-04-2024,10829,UPI
931,461,13-04-2024,21597,UPI
932,461,12-04-2024,19047,Card
933,462,11-04-2024,38954,UPI
934,463,15-04-2024,13164,UPI
935,463,14-04-2024,5821,UPI
936,463,12-04-2024,20547,Card
937,464,12-04-2024,25624,UPI
938,464,13-04-2024,3081,UPI
939,464,14-04-2024,3473,Cash
940,465,12-04-2024,8940,Card
941,465,17-04-2024,221,Card
942,465,13-04-2024,3933,UPI
943,466,17-04-2024,2267,Card
944,466,13-04-2024,16362,Card
945,466,15-04-2024,463,Cash
946,467,18-04-2024,5051,UPI
947,467,19-04-2024,1212,Card
948,467,19-04-2024,10296,Card
949,468,19-04-2024,16601,Card
950,468,18-04-2024,603,Card
951,468,21-04-2024,9063,Card
952,469,15-04-2024,41823,Cash
953,470,17-04-2024,23266,Card
954,470,24-04-2024,1452,Card
955,470,25-04-2024,18378,Card
956,471,22-04-2024,13046,Cash
957,471,16-04-2024,48,Cash
958,472,25-04-2024,16956,Card
959,473,25-04-2024,7243,UPI
960,473,25-04-2024,6409,Card
961,473,27-04-2024,3347,Card
962,474,24-04-2024,32798,Cash
963,475,24-04-2024,15819,UPI
964,476,23-04-2024,5626,UPI
965,477,25-04-2024,14921,Card
966,477,29-04-2024,5519,UPI
967,478,30-04-2024,15602,Card
968,479,28-04-2024,2202,Cash
969,479,25-04-2024,27449,Cash
970,480,26-04-2024,21233,Card
971,480,27-04-2024,6592,Card
972,481,04-05-2024,1430,Cash
973,481,04-05-2024,2712,UPI
974,481,03-05-2024,3850,Cash
975,482,29-04-2024,3023,Card
976,482,03-05-2024,7081,Cash
977,482,06-05-2024,3168,Cash
978,483,04-05-2024,14076,Cash
979,483,01-05-2024,11547,Cash
980,483,02-05-2024,3840,Card
981,484,07-05-2024,834,Cash
982,484,04-05-2024,1499,Cash
983,484,06-05-2024,1767,Cash
984,485,08-05-2024,8020,Card
985,485,09-05-2024,321,UPI
986,485,09-05-2024,255,UPI
987,486,06-05-2024,38469,UPI
988,487,12-05-2024,5654,Card
989,487,11-05-2024,9747,Card
990,487,03-05-2024,14605,Card
991,488,06-05-2024,966,UPI
992,488,04-05-2024,3423,Cash
993,489,12-05-2024,2317,UPI
994,489,13-05-2024,6853,Cash
995,489,13-05-2024,3062,UPI
996,490,12-05-2024,13862,Card
997,491,14-05-2024,5677,Cash
998,491,10-05-2024,8023,Cash
999,491,08-05-2024,3908,UPI
1000,492,12-05-2024,1757,Cash
1001,492,09-05-2024,15880,Cash
1002,492,13-05-2024,11919,Card
1003,493,14-05-2024,32439,Card
1004,493,14-05-2024,504,Card
1005,493,15-05-2024,181,UPI
1006,494,18-05-2024,5480,Cash
1007,495,14-05-2024,26079,Cash
1008,496,19-05-2024,18012,UPI
1009,497,19-05-2024,9268,Card
1010,497,20-05-2024,1755,Cash
1011,498,17-05-2024,18766,Card
1012,499,14-05-2024,17762,Card
1013,499,21-05-2024,9215,Card
1014,500,25-05-2024,839,Cash
1015,500,19-05-2024,6322,Cash
1016,501,17-05-2024,5712,UPI
1017,501,17-05-2024,9024,Cash
1018,502,22-05-2024,9633,Card
1019,502,19-05-2024,3508,Card
1020,502,19-05-2024,613,Cash
1021,503,18-05-2024,26657,Card
1022,504,28-05-2024,4606,Card
1023,504,24-05-2024,1380,Card
1024,504,23-05-2024,5509,UPI
1025,505,30-05-2024,16857,Cash
1026,505,22-05-2024,1910,UPI
1027,506,31-05-2024,1776,Cash
1028,506,23-05-2024,166,Cash
1029,507,25-05-2024,5278,Card
1030,507,29-05-2024,3218,Cash
1031,507,31-05-2024,1088,Card
1032,508,29-05-2024,13574,UPI
1033,508,02-06-2024,310,Cash
1034,508,29-05-2024,3726,Card
1035,509,31-05-2024,12094,UPI
1036,509,02-06-2024,2682,Cash
1037,509,25-05-2024,3457,Card
1038,510,30-05-2024,21763,Cash
1039,510,28-05-2024,6517,UPI
1040,510,28-05-2024,1764,UPI
1041,511,31-05-2024,9293,Card
1042,511,04-06-2024,8305,Cash
1043,512,06-06-2024,22528,Cash
1044,512,27-05-2024,14574,Cash
1045,513,29-05-2024,534,Cash
1046,513,04-06-2024,19984,UPI
1047,514,31-05-2024,13,Card
1048,514,02-06-2024,31,Cash
1049,515,09-06-2024,17958,UPI
1050,516,05-06-2024,16409,Card
1051,517,01-06-2024,42527,UPI
1052,518,08-06-2024,7673,Card
1053,518,03-06-2024,12826,Card
1054,519,06-06-2024,6237,UPI
1055,520,13-06-2024,2553,Cash
1056,521,05-06-2024,29168,Cash
1057,521,06-06-2024,2815,UPI
1058,521,07-06-2024,2059,UPI
1059,522,12-06-2024,2320,Cash
1060,523,12-06-2024,6712,UPI
1061,524,14-06-2024,9805,Cash
1062,525,10-06-2024,9363,Card
1063,525,09-06-2024,18458,Card
1064,525,19-06-2024,14225,Cash
1065,526,13-06-2024,11837,Card
1066,526,12-06-2024,2584,UPI
1067,527,14-06-2024,28993,Cash
1068,527,13-06-2024,1647,Cash
1069,527,20-06-2024,9735,Card
1070,528,17-06-2024,14071,Cash
1071,528,15-06-2024,11096,UPI
1072,529,21-06-2024,5521,Card
1073,530,14-06-2024,18673,Card
1074,530,17-06-2024,9885,Card
1075,530,23-06-2024,10764,Card
1076,531,19-06-2024,6419,Card
1077,531,18-06-2024,448,UPI
1078,531,21-06-2024,5496,Cash
1079,532,25-06-2024,5228,Cash
1080,532,24-06-2024,2671,Cash
1081,533,23-06-2024,4325,Card
1082,533,23-06-2024,19339,UPI
1083,534,25-06-2024,5662,Cash
1084,534,27-06-2024,274,Cash
1085,534,18-06-2024,11967,UPI
1086,535,19-06-2024,7069,UPI
1087,536,26-06-2024,32837,UPI
1088,536,26-06-2024,364,Cash
1089,537,30-06-2024,17618,Cash
1090,537,22-06-2024,1137,UPI
1091,537,22-06-2024,2234,Card
1092,538,30-06-2024,13316,UPI
1093,539,03-07-2024,10393,Card
1094,539,27-06-2024,271,Card
1095,539,29-06-2024,2139,Card
1096,540,27-06-2024,15639,Cash
1097,541,02-07-2024,28474,Card
1098,542,30-06-2024,39900,Card
1099,543,28-06-2024,11512,Cash
1100,543,29-06-2024,23197,Card
1101,543,27-06-2024,8417,Cash
1102,544,06-07-2024,8569,Card
1103,544,02-07-2024,7697,Cash
1104,545,03-07-2024,24370,Card
1105,546,05-07-2024,7736,UPI
1106,547,05-07-2024,2093,Card
1107,547,11-07-2024,9448,Cash
1108,547,08-07-2024,6283,UPI
1109,548,09-07-2024,3634,Card
1110,548,04-07-2024,29840,UPI
1111,549,12-07-2024,1686,Card
1112,549,04-07-2024,8623,Cash
1113,550,04-07-2024,33346,Cash
1114,551,12-07-2024,16026,UPI
1115,552,08-07-2024,25098,Cash
1116,553,10-07-2024,13742,UPI
1117,553,13-07-2024,2034,Card
1118,553,12-07-2024,2340,UPI
1119,554,09-07-2024,3055,Card
1120,554,10-07-2024,216,Cash
1121,554,16-07-2024,1833,Cash
1122,555,16-07-2024,26275,UPI
1123,556,11-07-2024,10725,Card
1124,556,17-07-2024,14621,Cash
1125,557,15-07-2024,24177,Card
1126,558,19-07-2024,7949,UPI
1127,558,19-07-2024,9695,Cash
1128,558,20-07-2024,2273,Cash
1129,559,19-07-2024,9867,Cash
1130,560,24-07-2024,5676,Card
1131,560,19-07-2024,158,Cash
1132,560,24-07-2024,9435,UPI
1133,561,18-07-2024,20153,Card
1134,562,16-07-2024,8062,Cash
1135,562,20-07-2024,7546,Cash
1136,563,25-07-2024,2877,UPI
1137,564,27-07-2024,2783,Cash
1138,564,26-07-2024,21628,Cash
1139,565,28-07-2024,2453,Card
1140,565,19-07-2024,18427,UPI
1141,566,23-07-2024,21706,UPI
1142,567,26-07-2024,12877,UPI
1143,567,28-07-2024,4227,UPI
1144,568,25-07-2024,15309,Cash
1145,569,25-07-2024,38319,Cash
1146,570,29-07-2024,7636,UPI
1147,570,25-07-2024,3136,Card
1148,571,01-08-2024,23480,UPI
1149,572,27-07-2024,27935,Cash
1150,572,28-07-2024,2430,Card
1151,573,27-07-2024,9885,Cash
1152,573,29-07-2024,42,Cash
1153,573,30-07-2024,41,UPI
1154,574,07-08-2024,803,UPI
1155,574,30-07-2024,4263,Cash
1156,574,03-08-2024,7918,UPI
1157,575,01-08-2024,18027,Cash
1158,575,30-07-2024,119,Cash
1159,575,30-07-2024,71,Cash
1160,576,01-08-2024,2020,Cash
1161,577,10-08-2024,22489,Card
1162,577,01-08-2024,3763,Card
1163,578,01-08-2024,4915,Cash
1164,578,04-08-2024,33496,Card
1165,579,03-08-2024,14530,UPI
1166,580,10-08-2024,8029,Cash
1167,581,10-08-2024,3549,UPI
1168,581,10-08-2024,61,Card
1169,581,10-08-2024,1894,Cash
1170,582,07-08-2024,23196,UPI
1171,583,06-08-2024,4871,Card
1172,583,15-08-2024,13469,Card
1173,584,14-08-2024,4836,UPI
1174,584,14-08-2024,9023,Cash
1175,584,08-08-2024,2248,UPI
1176,585,14-08-2024,25101,Cash
1177,586,19-08-2024,16329,Card
1178,586,15-08-2024,640,Card
1179,586,14-08-2024,25147,UPI
1180,587,19-08-2024,11274,Card
1181,587,15-08-2024,6568,UPI
1182,588,11-08-2024,17723,UPI
1183,589,12-08-2024,19566,UPI
1184,590,18-08-2024,2169,Card
1185,590,16-08-2024,1670,Cash
1186,591,24-08-2024,3281,Cash
1187,592,18-08-2024,917,Card
1188,592,21-08-2024,6935,UPI
1189,592,17-08-2024,881,Cash
1190,593,21-08-2024,2606,Card
1191,593,21-08-2024,232,Card
1192,593,25-08-2024,4913,Cash
1193,594,24-08-2024,36903,Card
1194,595,25-08-2024,10127,Cash
1195,596,22-08-2024,5915,Card
1196,597,28-08-2024,7169,UPI
1197,598,24-08-2024,40,Cash
1198,598,26-08-2024,4,Card
1199,599,22-08-2024,488,Cash
1200,599,31-08-2024,5327,Card
1201,600,31-08-2024,9283,UPI
1202,601,02-09-2024,3241,Cash
1203,601,29-08-2024,1512,UPI
1204,602,27-08-2024,10571,Card
1205,603,05-09-2024,15965,UPI
1206,603,03-09-2024,2855,Card
1207,603,04-09-2024,9810,UPI
1208,604,29-08-2024,9650,UPI
1209,604,31-08-2024,2514,Cash
1210,604,29-08-2024,2466,Card
1211,605,03-09-2024,37,Card
1212,605,30-08-2024,2,Card
1213,605,02-09-2024,19,Card
1214,606,30-08-2024,9266,UPI
1215,606,03-09-2024,1153,Card
1216,606,30-08-2024,4057,Cash
1217,607,09-09-2024,5502,Cash
1218,607,09-09-2024,17226,Card
1219,608,31-08-2024,29271,UPI
1220,608,03-09-2024,18523,Cash
1221,609,02-09-2024,2103,Card
1222,609,01-09-2024,2339,Cash
1223,610,08-09-2024,24006,Cash
1224,610,08-09-2024,1286,UPI
1225,611,09-09-2024,17893,Cash
1226,611,10-09-2024,6926,Card
1227,612,11-09-2024,14783,Cash
1228,613,10-09-2024,83,UPI
1229,613,06-09-2024,2106,Cash
1230,614,12-09-2024,11200,Cash
1231,615,15-09-2024,23985,Cash
1232,616,15-09-2024,20108,Card
1233,616,14-09-2024,64,Card
1234,616,10-09-2024,1975,Card
1235,617,09-09-2024,14227,Cash
1236,618,13-09-2024,10849,UPI
1237,619,15-09-2024,35398,Card
1238,619,15-09-2024,289,Cash
1239,619,12-09-2024,627,Cash
1240,620,19-09-2024,18012,Cash
1241,620,17-09-2024,447,Cash
1242,620,18-09-2024,7290,Cash
1243,621,16-09-2024,15740,Cash
1244,621,16-09-2024,106,Cash
1245,621,23-09-2024,3457,UPI
1246,622,18-09-2024,474,UPI
1247,622,21-09-2024,2210,UPI
1248,623,25-09-2024,17367,Card
1249,624,21-09-2024,25396,UPI
1250,625,24-09-2024,24209,Cash
1251,626,22-09-2024,7620,Cash
1252,626,22-09-2024,1007,Card
1253,627,29-09-2024,4039,Cash
1254,628,28-09-2024,1409,UPI
1255,628,23-09-2024,1208,Card
1256,628,20-09-2024,191,UPI
1257,629,29-09-2024,13718,Card
1258,629,30-09-2024,7780,Cash
1259,629,28-09-2024,5319,UPI
1260,630,30-09-2024,285,Card
1261,630,30-09-2024,4889,Card
1262,631,24-09-2024,9664,UPI
1263,631,25-09-2024,11330,Cash
1264,631,26-09-2024,23408,Cash
1265,632,04-10-2024,321,UPI
1266,632,27-09-2024,2475,Card
1267,633,30-09-2024,4226,Card
1268,633,26-09-2024,549,UPI
1269,633,03-10-2024,4916,UPI
1270,634,04-10-2024,9051,UPI
1271,634,26-09-2024,9038,Card
1272,635,03-10-2024,7375,Cash
1273,635,29-09-2024,26871,Card
1274,636,29-09-2024,6567,Card
1275,636,29-09-2024,25545,UPI
1276,636,06-10-2024,6418,UPI
1277,637,09-10-2024,6276,UPI
1278,637,08-10-2024,7188,Card
1279,638,02-10-2024,31001,UPI
1280,639,10-10-2024,26409,Card
1281,640,02-10-2024,26328,UPI
1282,640,05-10-2024,10863,Cash
1283,640,09-10-2024,7426,UPI
1284,641,08-10-2024,12204,UPI
1285,642,14-10-2024,16110,Cash
1286,642,07-10-2024,4268,Cash
1287,643,10-10-2024,14520,UPI
1288,643,14-10-2024,3415,Card
1289,643,06-10-2024,1757,Cash
1290,644,12-10-2024,28948,Card
1291,645,12-10-2024,28417,Cash
1292,645,09-10-2024,2111,Cash
1293,645,11-10-2024,1221,Card
1294,646,16-10-2024,8890,Card
1295,646,08-10-2024,24323,Cash
1296,647,09-10-2024,12632,Cash
1297,648,15-10-2024,208,Card
1298,648,13-10-2024,1959,UPI
1299,649,17-10-2024,16552,Card
1300,649,12-10-2024,7588,Card
1301,650,17-10-2024,2002,UPI
1302,651,20-10-2024,11639,Card
1303,651,21-10-2024,27292,UPI
1304,652,18-10-2024,22560,Card
1305,653,19-10-2024,45144,Cash
1306,654,18-10-2024,12666,Card
1307,655,27-10-2024,14045,Cash
1308,656,22-10-2024,44413,Card
1309,657,29-10-2024,658,Cash
1310,657,21-10-2024,15536,Card
1311,657,21-10-2024,10643,Card
1312,658,24-10-2024,554,Card
1313,659,27-10-2024,4512,UPI
1314,659,28-10-2024,2857,UPI
1315,659,24-10-2024,2640,UPI
1316,660,31-10-2024,17061,UPI
1317,660,23-10-2024,2395,Cash
1318,660,30-10-2024,345,Card
1319,661,01-11-2024,21213,Card
1320,661,27-10-2024,1158,Card
1321,661,24-10-2024,2154,UPI
1322,662,03-11-2024,2265,UPI
1323,662,28-10-2024,1918,UPI
1324,663,29-10-2024,42695,Cash
1325,663,02-11-2024,77,Cash
1326,663,25-10-2024,227,Card
1327,664,05-11-2024,5237,Cash
1328,664,26-10-2024,5909,Card
1329,664,02-11-2024,2095,UPI
1330,665,02-11-2024,6629,Card
1331,665,27-10-2024,1871,Card
1332,666,02-11-2024,6224,Card
1333,666,07-11-2024,7287,Card
1334,666,07-11-2024,9691,UPI
1335,667,02-11-2024,16624,Cash
1336,667,08-11-2024,5391,Card
1337,668,06-11-2024,1600,Cash
1338,668,03-11-2024,10270,Card
1339,669,02-11-2024,25000,Card
1340,669,10-11-2024,688,Cash
1341,669,03-11-2024,799,UPI
1342,670,05-11-2024,7139,UPI
1343,670,06-11-2024,85,UPI
1344,670,10-11-2024,94,UPI
1345,671,09-11-2024,30393,Cash
1346,672,11-11-2024,1594,Cash
1347,672,13-11-2024,3073,UPI
1348,673,04-11-2024,27074,Cash
1349,673,06-11-2024,7649,Cash
1350,674,12-11-2024,18659,Cash
1351,674,10-11-2024,3798,Card
1352,675,13-11-2024,11819,UPI
1353,676,12-11-2024,41355,Card
1354,677,15-11-2024,3801,UPI
1355,678,18-11-2024,13722,Cash
1356,679,12-11-2024,32084,Card
1357,680,17-11-2024,7036,UPI
1358,680,17-11-2024,3911,Cash
1359,680,11-11-2024,3264,Card
1360,681,12-11-2024,6113,UPI
1361,681,20-11-2024,6201,Cash
1362,681,12-11-2024,754,Card
1363,682,16-11-2024,128,Card
1364,682,17-11-2024,89,Cash
1365,682,14-11-2024,53,UPI
1366,683,16-11-2024,20062,Cash
1367,683,18-11-2024,750,UPI
1368,683,21-11-2024,12174,Card
1369,684,21-11-2024,11071,Card
1370,684,20-11-2024,1097,UPI
1371,684,20-11-2024,4880,Cash
1372,685,19-11-2024,314,Cash
1373,685,18-11-2024,10491,Cash
1374,686,19-11-2024,1034,Cash
1375,686,27-11-2024,188,Cash
1376,686,23-11-2024,214,Card
1377,687,27-11-2024,1593,Cash
1378,687,19-11-2024,10846,Card
1379,687,18-11-2024,4324,Cash
1380,688,25-11-2024,3640,Cash
1381,688,27-11-2024,3948,UPI
1382,689,23-11-2024,5018,Card
1383,689,30-11-2024,22471,Cash
1384,689,24-11-2024,3601,UPI
1385,690,01-12-2024,21681,Card
1386,691,28-11-2024,2248,Cash
1387,691,01-12-2024,4191,Cash
1388,691,26-11-2024,2407,Cash
1389,692,02-12-2024,1628,Cash
1390,692,27-11-2024,5336,Card
1391,693,30-11-2024,11526,UPI
1392,693,26-11-2024,1690,Cash
1393,694,02-12-2024,6806,UPI
1394,694,28-11-2024,11155,Cash
1395,695,27-11-2024,46,Card
1396,695,03-12-2024,343,Cash
1397,695,27-11-2024,28,Card
1398,696,01-12-2024,830,Card
1399,696,04-12-2024,947,UPI
1400,696,01-12-2024,3141,UPI
1401,697,30-11-2024,3282,Cash
1402,698,05-12-2024,10247,Card
1403,698,30-11-2024,8795,Cash
1404,699,30-11-2024,24844,Cash
1405,700,06-12-2024,11175,UPI
1406,700,08-12-2024,29312,Card
1407,700,05-12-2024,2986,Card
1408,701,04-12-2024,1404,Cash
1409,701,08-12-2024,1641,UPI
1410,702,09-12-2024,13693,Card
1411,702,10-12-2024,1266,UPI
1412,703,06-12-2024,10930,Card
1413,704,06-12-2024,3843,UPI
1414,705,15-12-2024,15817,Card
1415,705,08-12-2024,7179,Card
1416,705,12-12-2024,6863,UPI
1417,706,09-12-2024,1803,UPI
1418,706,08-12-2024,63,UPI
1419,706,14-12-2024,22,Cash
1420,707,08-12-2024,2575,Card
1421,707,18-12-2024,1575,Card
1422,708,12-12-2024,37029,Card
1423,708,17-12-2024,347,Card
1424,708,18-12-2024,415,Cash
1425,709,13-12-2024,11906,UPI
1426,709,20-12-2024,1417,Card
1427,709,20-12-2024,860,UPI
1428,710,11-12-2024,448,Card
1429,710,19-12-2024,1286,UPI
1430,710,18-12-2024,3137,Cash
1431,711,15-12-2024,2627,UPI
1432,711,16-12-2024,2279,Cash
1433,712,21-12-2024,33222,Card
1434,713,15-12-2024,7701,UPI
1435,713,21-12-2024,17113,Card
1436,714,22-12-2024,29366,UPI
1437,715,23-12-2024,20713,Card
1438,716,18-12-2024,42819,UPI
1439,717,26-12-2024,27023,Card
1440,718,28-12-2024,5,Card
1441,719,23-12-2024,18427,Card
1442,719,27-12-2024,1376,UPI
1443,719,25-12-2024,159,Cash
1444,720,28-12-2024,26757,UPI
1445,721,01-01-2025,31008,UPI
1446,721,23-12-2024,3708,Cash
1447,721,01-01-2025,1994,Cash
1448,722,02-01-2025,91,UPI
1449,722,31-12-2024,52,Card
1450,723,24-12-2024,3484,Cash
1451,723,26-12-2024,16136,Card
1452,723,30-12-2024,4883,Cash
1453,724,28-12-2024,6420,Cash
1454,724,28-12-2024,6438,UPI
1455,724,28-12-2024,3807,Card
1456,725,01-01-2025,11073,Cash
1457,726,03-01-2025,38588,UPI
1458,727,04-01-2025,8824,Cash
1459,727,28-12-2024,17379,Card
1460,727,03-01-2025,12418,Card
1461,728,31-12-2024,25595,Card
1462,728,31-12-2024,4740,Card
1463,728,31-12-2024,1314,Cash
1464,729,08-01-2025,19679,UPI
1465,729,05-01-2025,4130,UPI
1466,729,08-01-2025,1580,Card
1467,730,06-01-2024,6519,UPI
1468,730,08-01-2024,9749,Cash
1469,731,06-01-2024,4197,Card
1470,731,10-01-2024,330,UPI
1471,732,13-01-2024,18140,Cash
1472,732,06-01-2024,1646,Card
1473,732,07-01-2024,3540,Card
1474,733,14-01-2024,4348,Cash
1475,733,12-01-2024,16512,Card
1476,733,14-01-2024,1769,UPI
1477,734,10-01-2024,23276,Card
1478,735,16-01-2024,18699,Card
1479,735,16-01-2024,6840,Card
1480,735,14-01-2024,5942,UPI
1481,736,15-01-2024,13840,Cash
1482,737,08-01-2024,149,Card
1483,737,08-01-2024,679,Cash
1484,738,13-01-2024,17496,Card
1485,739,10-01-2024,16420,Card
1486,740,19-01-2024,19342,Cash
1487,741,21-01-2024,3359,Card
1488,741,20-01-2024,20147,Cash
1489,742,19-01-2024,18392,Cash
1490,742,17-01-2024,4186,Card
1491,742,23-01-2024,1749,Cash
1492,743,24-01-2024,6826,UPI
1493,743,22-01-2024,5677,Cash
1494,744,18-01-2024,129,Card
1495,744,18-01-2024,227,Card
1496,744,25-01-2024,68,UPI
1497,745,19-01-2024,12876,UPI
1498,745,18-01-2024,14707,Card
1499,745,17-01-2024,10977,Cash
1500,746,18-01-2024,8419,UPI
1501,746,23-01-2024,167,UPI
1502,746,25-01-2024,2803,UPI
1503,747,27-01-2024,8524,UPI
1504,748,21-01-2024,239,Cash
1505,748,21-01-2024,130,UPI
1506,749,30-01-2024,39117,Card
1507,750,28-01-2024,9869,Card
1508,750,22-01-2024,11734,Card
1509,750,26-01-2024,6025,Card
1510,751,30-01-2024,14415,Cash
1511,752,29-01-2024,5223,Card
1512,752,29-01-2024,17598,Cash
1513,752,28-01-2024,2943,Cash
1514,753,29-01-2024,5438,UPI
1515,753,27-01-2024,4810,Card
1516,753,01-02-2024,3734,UPI
1517,754,26-01-2024,577,Card
1518,754,01-02-2024,22676,Cash
1519,754,04-02-2024,13534,Card
1520,755,26-01-2024,20353,Card
1521,756,02-02-2024,3716,UPI
1522,756,04-02-2024,17316,Card
1523,757,05-02-2024,18535,UPI
1524,758,05-02-2024,29201,Cash
1525,758,08-02-2024,2429,Cash
1526,758,03-02-2024,2075,Card
1527,759,01-02-2024,5396,Card
1528,760,10-02-2024,17472,Cash
1529,761,04-02-2024,10314,Card
1530,761,02-02-2024,1738,Cash
1531,761,09-02-2024,1761,Card
1532,762,03-02-2024,21187,Card
1533,762,12-02-2024,3106,Cash
1534,763,08-02-2024,1469,Cash
1535,763,04-02-2024,87,Cash
1536,764,08-02-2024,3556,Card
1537,765,09-02-2024,933,UPI
1538,765,12-02-2024,795,Card
1539,765,11-02-2024,580,UPI
1540,766,12-02-2024,10367,Card
1541,767,17-02-2024,49,Card
1542,767,08-02-2024,5066,Card
1543,767,16-02-2024,2638,Cash
1544,768,09-02-2024,4120,UPI
1545,768,18-02-2024,637,UPI
1546,769,15-02-2024,3586,UPI
1547,769,19-02-2024,2083,Cash
1548,770,18-02-2024,31063,Cash
1549,771,19-02-2024,6407,UPI
1550,771,15-02-2024,591,Card
1551,771,21-02-2024,1939,UPI
1552,772,14-02-2024,569,Cash
1553,772,12-02-2024,11,Card
1554,772,21-02-2024,150,UPI
1555,773,18-02-2024,1721,Cash
1556,773,19-02-2024,3857,Card
1557,774,16-02-2024,33590,Cash
1558,775,19-02-2024,13677,Cash
1559,775,17-02-2024,118,Card
1560,775,24-02-2024,674,Cash
1561,776,17-02-2024,18012,UPI
1562,776,17-02-2024,11005,UPI
1563,776,17-02-2024,1212,Cash
1564,777,22-02-2024,15965,UPI
1565,777,27-02-2024,1051,Card
1566,777,20-02-2024,6760,Cash
1567,778,21-02-2024,2288,UPI
1568,778,25-02-2024,15921,UPI
1569,778,27-02-2024,477,Card
1570,779,21-02-2024,9572,Card
1571,779,24-02-2024,291,UPI
1572,779,25-02-2024,153,Cash
1573,780,23-02-2024,127,Card
1574,780,01-03-2024,189,UPI
1575,781,02-03-2024,4401,Card
1576,781,26-02-2024,13731,UPI
1577,782,26-02-2024,5878,UPI
1578,782,01-03-2024,9288,Cash
1579,783,24-02-2024,4970,UPI
1580,783,02-03-2024,144,Cash
1581,783,27-02-2024,645,Card
1582,784,24-02-2024,618,Card
1583,784,04-03-2024,256,Card
1584,784,01-03-2024,4137,Card
1585,785,04-03-2024,13943,UPI
1586,786,07-03-2024,15470,Cash
1587,786,03-03-2024,1499,Cash
1588,786,06-03-2024,839,Card
1589,787,05-03-2024,19070,Card
1590,788,05-03-2024,33450,UPI
1591,789,10-03-2024,32910,Cash
1592,790,08-03-2024,2300,Cash
1593,790,10-03-2024,2936,Card
1594,790,11-03-2024,5632,Cash
1595,791,05-03-2024,1325,UPI
1596,791,05-03-2024,30361,Cash
1597,792,03-03-2024,7669,Card
1598,792,06-03-2024,9655,Card
1599,793,11-03-2024,15391,Cash
1600,793,04-03-2024,8283,Card
1601,794,13-03-2024,21238,Card
1602,795,10-03-2024,24311,Card
1603,795,14-03-2024,2874,Card
1604,796,13-03-2024,10710,UPI
1605,796,16-03-2024,683,Card
1606,797,14-03-2024,2061,Cash
1607,797,14-03-2024,2116,UPI
1608,797,13-03-2024,924,UPI
1609,798,17-03-2024,217,Cash
1610,798,11-03-2024,14415,Cash
1611,798,10-03-2024,16963,Card
1612,799,12-03-2024,13862,Cash
1613,799,12-03-2024,28308,UPI
1614,800,21-03-2024,7755,Cash
1615,800,16-03-2024,13587,Card
1616,800,12-03-2024,18112,UPI
1617,801,21-03-2024,6905,Cash
1618,801,22-03-2024,24474,UPI
1619,802,13-03-2024,735,Cash
1620,803,16-03-2024,10560,Card
1621,803,14-03-2024,16799,Card
1622,803,16-03-2024,10225,Cash
1623,804,23-03-2024,2950,UPI
1624,804,24-03-2024,7951,Card
1625,805,26-03-2024,20893,UPI
1626,806,24-03-2024,2809,Card
1627,807,21-03-2024,2795,UPI
1628,807,27-03-2024,12652,Cash
1629,808,28-03-2024,38184,Card
1630,809,30-03-2024,5496,UPI
1631,809,27-03-2024,11242,Card
1632,810,24-03-2024,19352,UPI
1633,811,23-03-2024,12630,Cash
1634,812,02-04-2024,8264,UPI
1635,812,01-04-2024,1226,Cash
1636,812,25-03-2024,3771,UPI
1637,813,01-04-2024,2559,Card
1638,813,25-03-2024,7702,UPI
1639,813,03-04-2024,30027,Cash
1640,814,04-04-2024,40,Card
1641,814,02-04-2024,14140,UPI
1642,814,30-03-2024,5594,Cash
1643,815,29-03-2024,28113,UPI
1644,815,31-03-2024,12493,Card
1645,815,04-04-2024,5114,Cash
1646,816,31-03-2024,27884,UPI
1647,817,29-03-2024,25095,UPI
1648,818,02-04-2024,26782,Cash
1649,818,29-03-2024,90,Card
1650,818,06-04-2024,12337,Cash
1651,819,05-04-2024,17031,Card
1652,820,05-04-2024,13178,UPI
1653,820,01-04-2024,186,Cash
1654,820,06-04-2024,98,Card
1655,821,09-04-2024,17125,UPI
1656,821,10-04-2024,21237,UPI
1657,822,05-04-2024,13024,UPI
1658,822,10-04-2024,7026,Card
1659,823,08-04-2024,31619,Card
1660,824,08-04-2024,16632,Card
1661,824,09-04-2024,19734,Card
1662,825,15-04-2024,4525,Cash
1663,825,12-04-2024,7530,Card
1664,825,07-04-2024,14036,Cash
1665,826,11-04-2024,3282,Card
1666,826,16-04-2024,2516,Card
1667,826,06-04-2024,1229,Cash
1668,827,08-04-2024,174,Cash
1669,827,16-04-2024,15456,UPI
1670,827,08-04-2024,9870,Cash
1671,828,13-04-2024,17241,Cash
1672,829,15-04-2024,19956,UPI
1673,830,14-04-2024,17073,Card
1674,830,10-04-2024,2448,Cash
1675,830,20-04-2024,597,UPI
1676,831,14-04-2024,28768,Card
1677,832,12-04-2024,12763,Card
1678,832,20-04-2024,21194,Card
1679,833,22-04-2024,22886,Cash
1680,834,24-04-2024,980,Cash
1681,834,16-04-2024,1383,Cash
1682,835,25-04-2024,11572,UPI
1683,835,21-04-2024,6511,Card
1684,836,17-04-2024,252,Cash
1685,836,20-04-2024,9005,Card
1686,836,24-04-2024,3870,Card
1687,837,20-04-2024,9061,Card
1688,837,20-04-2024,13751,UPI
1689,838,22-04-2024,153,Cash
1690,838,26-04-2024,13341,Cash
1691,838,26-04-2024,12979,Cash
1692,839,20-04-2024,11141,Card
1693,839,23-04-2024,5346,Card
1694,840,27-04-2024,8197,UPI
1695,840,23-04-2024,15848,UPI
1696,840,27-04-2024,2600,Card
1697,841,21-04-2024,28247,UPI
1698,841,25-04-2024,239,Cash
1699,841,27-04-2024,1707,Card
1700,842,25-04-2024,5745,UPI
1701,842,27-04-2024,845,Card
1702,842,30-04-2024,631,Cash
1703,843,27-04-2024,17258,Cash
1704,844,29-04-2024,24537,Cash
1705,844,26-04-2024,1136,UPI
1706,844,29-04-2024,471,UPI
1707,845,27-04-2024,2205,Card
1708,845,02-05-2024,1558,Card
1709,845,28-04-2024,3398,Cash
1710,846,29-04-2024,3388,Cash
1711,846,29-04-2024,12475,Card
1712,847,28-04-2024,23332,Cash
1713,848,07-05-2024,2018,Cash
1714,848,05-05-2024,44,UPI
1715,848,07-05-2024,509,UPI
1716,849,03-05-2024,28468,UPI
1717,849,07-05-2024,750,UPI
1718,849,05-05-2024,3048,Cash
1719,850,08-05-2024,8404,UPI
1720,851,09-05-2024,534,UPI
1721,851,11-05-2024,6451,Cash
1722,851,08-05-2024,8688,Cash
1723,852,02-05-2024,20687,Cash
1724,852,12-05-2024,13274,Cash
1725,853,08-05-2024,3302,UPI
1726,853,07-05-2024,20080,Cash
1727,853,11-05-2024,1484,UPI
1728,854,13-05-2024,7723,UPI
1729,854,09-05-2024,7818,Cash
1730,855,11-05-2024,6899,Card
1731,855,10-05-2024,25788,UPI
1732,856,13-05-2024,9163,Cash
1733,856,15-05-2024,18831,Cash
1734,857,08-05-2024,7490,Card
1735,857,10-05-2024,4423,Card
1736,857,13-05-2024,6957,UPI
1737,858,10-05-2024,12849,UPI
1738,859,15-05-2024,638,UPI
1739,860,18-05-2024,8471,Card
1740,860,17-05-2024,162,UPI
1741,860,14-05-2024,179,Card
1742,861,17-05-2024,18606,Cash
1743,862,12-05-2024,22627,Cash
1744,863,23-05-2024,15616,Cash
1745,863,20-05-2024,11051,Card
1746,864,19-05-2024,5915,Card
1747,864,22-05-2024,5051,UPI
1748,865,21-05-2024,11276,Cash
1749,866,19-05-2024,19844,Card
1750,866,26-05-2024,2359,Card
1751,866,24-05-2024,806,Cash
1752,867,27-05-2024,10653,Card
1753,867,24-05-2024,7999,Card
1754,868,24-05-2024,29290,Card
1755,869,21-05-2024,4747,Card
1756,869,24-05-2024,14030,UPI
1757,870,26-05-2024,18732,Cash
1758,870,22-05-2024,163,UPI
1759,870,23-05-2024,1790,UPI
1760,871,25-05-2024,4774,Card
1761,871,27-05-2024,5281,UPI
1762,871,28-05-2024,328,UPI
1763,872,24-05-2024,27132,Cash
1764,872,22-05-2024,7008,Cash
1765,873,02-06-2024,47695,UPI
1766,874,27-05-2024,2624,Cash
1767,874,25-05-2024,13011,Cash
1768,874,25-05-2024,8740,UPI
1769,875,31-05-2024,3527,Card
1770,876,30-05-2024,5455,Card
1771,877,06-06-2024,10176,UPI
1772,878,31-05-2024,10137,Card
1773,879,31-05-2024,4143,Card
1774,879,31-05-2024,14480,Cash
1775,880,04-06-2024,731,UPI
1776,880,07-06-2024,240,UPI
1777,880,07-06-2024,180,UPI
1778,881,02-06-2024,8836,Card
1779,881,10-06-2024,15,Card
1780,881,10-06-2024,3,Card
1781,882,11-06-2024,10483,Card
1782,882,06-06-2024,1269,UPI
1783,882,09-06-2024,2501,Cash
1784,883,09-06-2024,26368,UPI
1785,884,05-06-2024,8514,UPI
1786,884,03-06-2024,15457,Cash
1787,885,09-06-2024,34296,UPI
1788,886,12-06-2024,137,UPI
1789,886,05-06-2024,4909,UPI
1790,886,09-06-2024,10328,Card
1791,887,14-06-2024,15152,UPI
1792,888,13-06-2024,9185,UPI
1793,888,10-06-2024,3173,Cash
1794,889,11-06-2024,24797,UPI
1795,889,09-06-2024,17538,UPI
1796,890,17-06-2024,20490,Card
1797,891,14-06-2024,22435,UPI
1798,891,18-06-2024,2657,UPI
1799,891,16-06-2024,1370,Cash
1800,892,13-06-2024,27966,Cash
1801,893,22-06-2024,18978,UPI
1802,894,22-06-2024,17835,UPI
1803,894,16-06-2024,22648,UPI
1804,895,14-06-2024,635,Card
1805,896,16-06-2024,725,UPI
1806,897,23-06-2024,17641,Card
1807,898,18-06-2024,268,Cash
1808,899,23-06-2024,112,UPI
1809,899,22-06-2024,370,UPI
1810,900,19-06-2024,22838,UPI
1811,900,20-06-2024,1501,Cash
1812,901,26-06-2024,3178,Cash
1813,901,28-06-2024,494,UPI
1814,902,25-06-2024,5950,UPI
1815,903,23-06-2024,27140,Card
1816,904,30-06-2024,12636,Cash
1817,904,23-06-2024,3679,Cash
1818,905,25-06-2024,25264,Card
1819,905,01-07-2024,1708,UPI
1820,905,04-07-2024,3229,UPI
1821,906,05-07-2024,10586,Card
1822,907,04-07-2024,2252,Cash
1823,907,03-07-2024,260,Card
1824,907,30-06-2024,252,Cash
1825,908,07-07-2024,23620,Cash
1826,909,08-07-2024,3700,UPI
1827,910,01-07-2024,21267,UPI
1828,911,06-07-2024,38318,Cash
1829,912,10-07-2024,585,Card
1830,913,04-07-2024,19537,UPI
1831,913,05-07-2024,1467,Cash
1832,913,09-07-2024,10143,Cash
1833,914,13-07-2024,11090,Cash
1834,914,08-07-2024,980,Card
1835,914,05-07-2024,10407,Card
1836,915,11-07-2024,7038,Cash
1837,916,12-07-2024,11381,Card
1838,916,05-07-2024,3162,Card
1839,916,11-07-2024,6214,UPI
1840,917,13-07-2024,647,Card
1841,917,13-07-2024,8182,Card
1842,918,10-07-2024,16060,Card
1843,918,15-07-2024,765,UPI
1844,918,12-07-2024,2489,Card
1845,919,17-07-2024,28432,Card
1846,919,10-07-2024,2264,Cash
1847,920,16-07-2024,34808,UPI
1848,921,17-07-2024,12030,Cash
1849,921,18-07-2024,5227,UPI
1850,921,12-07-2024,1,Cash
1851,922,16-07-2024,7825,Card
1852,922,21-07-2024,1038,Card
1853,922,17-07-2024,14997,Cash
1854,923,20-07-2024,16304,Cash
1855,923,16-07-2024,628,UPI
1856,923,18-07-2024,240,Card
1857,924,14-07-2024,21104,Card
1858,925,14-07-2024,43181,Cash
1859,926,18-07-2024,11707,Cash
1860,927,17-07-2024,31809,Cash
1861,928,27-07-2024,25468,UPI
1862,928,26-07-2024,8616,Card
1863,928,26-07-2024,3337,UPI
1864,929,27-07-2024,453,Card
1865,929,19-07-2024,1155,Cash
1866,930,20-07-2024,4026,UPI
1867,930,19-07-2024,2618,UPI
1868,930,27-07-2024,195,Card
1869,931,20-07-2024,26026,Card
1870,931,24-07-2024,1233,Card
1871,932,25-07-2024,289,Cash
1872,932,29-07-2024,885,Cash
1873,932,22-07-2024,1490,Card
1874,933,25-07-2024,6314,Cash
1875,933,01-08-2024,8622,Cash
1876,933,31-07-2024,203,Card
1877,934,29-07-2024,9145,Card
1878,934,02-08-2024,433,Card
1879,934,28-07-2024,2146,Card
1880,935,30-07-2024,10900,Cash
1881,935,26-07-2024,1367,Card
1882,935,30-07-2024,2764,Card
1883,936,02-08-2024,5184,Card
1884,936,30-07-2024,14517,UPI
1885,936,02-08-2024,2418,UPI
1886,937,01-08-2024,20751,Card
1887,937,31-07-2024,3610,Card
1888,938,30-07-2024,8940,UPI
1889,938,04-08-2024,6273,Card
1890,938,31-07-2024,562,UPI
1891,939,28-07-2024,6506,Card
1892,939,28-07-2024,8318,UPI
1893,940,02-08-2024,277,Cash
1894,940,01-08-2024,308,Cash
1895,940,03-08-2024,483,Cash
1896,941,07-08-2024,16754,Card
1897,941,01-08-2024,1171,Cash
1898,941,30-07-2024,160,UPI
1899,942,02-08-2024,23308,UPI
1900,943,04-08-2024,4094,UPI
1901,943,05-08-2024,6645,Cash
1902,943,10-08-2024,1289,UPI
1903,944,03-08-2024,18647,Card
1904,945,10-08-2024,2833,Card
1905,945,12-08-2024,7806,Cash
1906,946,04-08-2024,19687,Card
1907,946,10-08-2024,18884,Cash
1908,946,04-08-2024,438,UPI
1909,947,06-08-2024,13649,Cash
1910,947,15-08-2024,9152,Card
1911,948,12-08-2024,648,Cash
1912,948,14-08-2024,40,Cash
1913,948,11-08-2024,61,Card
1914,949,12-08-2024,37022,Card
1915,950,08-08-2024,14470,Card
1916,951,18-08-2024,14602,Card
1917,951,17-08-2024,9370,Cash
1918,952,16-08-2024,2374,Cash
1919,952,12-08-2024,4903,UPI
1920,953,11-08-2024,2341,Card
1921,953,17-08-2024,363,UPI
1922,954,18-08-2024,2056,Card
1923,954,14-08-2024,731,Cash
1924,955,20-08-2024,6492,UPI
1925,955,22-08-2024,21373,Cash
1926,955,21-08-2024,3652,Card
1927,956,17-08-2024,34357,Cash
1928,957,25-08-2024,5299,Card
1929,957,16-08-2024,3425,Cash
1930,958,21-08-2024,11970,Cash
1931,958,21-08-2024,15134,UPI
1932,959,21-08-2024,1587,Cash
1933,959,26-08-2024,22920,UPI
1934,959,26-08-2024,14413,Cash
1935,960,21-08-2024,14433,Cash
1936,961,20-08-2024,10224,Cash
1937,961,19-08-2024,34691,Cash
1938,962,24-08-2024,40698,Cash
1939,963,25-08-2024,3647,UPI
1940,963,21-08-2024,15440,UPI
1941,963,24-08-2024,3409,Card
1942,964,25-08-2024,17629,Card
1943,965,01-09-2024,31656,Card
1944,965,25-08-2024,2636,Card
1945,966,30-08-2024,1206,Card
1946,966,01-09-2024,43485,Cash
1947,966,28-08-2024,1102,Cash
1948,967,03-09-2024,412,UPI
1949,967,25-08-2024,1557,UPI
1950,968,27-08-2024,21455,UPI
1951,969,28-08-2024,11804,Cash
1952,969,06-09-2024,2397,UPI
1953,969,30-08-2024,3579,UPI
1954,970,02-09-2024,6528,UPI
1955,970,05-09-2024,19566,Cash
1956,970,30-08-2024,7233,Cash
1957,971,29-08-2024,705,Cash
1958,971,06-09-2024,15700,UPI
1959,972,01-09-2024,6446,Cash
1960,972,04-09-2024,4484,Card
1961,973,04-09-2024,20488,Cash
1962,973,08-09-2024,2574,UPI
1963,974,11-09-2024,26604,UPI
1964,975,10-09-2024,12686,UPI
1965,976,08-09-2024,7391,UPI
1966,977,05-09-2024,43052,Card
1967,978,14-09-2024,22217,Card
1968,978,08-09-2024,2812,UPI
1969,978,08-09-2024,19,Card
1970,979,15-09-2024,5119,UPI
1971,979,13-09-2024,4891,Card
1972,980,17-09-2024,4317,Cash
1973,981,10-09-2024,6630,UPI
1974,981,16-09-2024,11281,Cash
1975,981,14-09-2024,1128,Cash
1976,982,14-09-2024,10358,Cash
1977,982,17-09-2024,18263,Card
1978,982,10-09-2024,14385,Cash
1979,983,10-09-2024,20814,UPI
1980,984,18-09-2024,9941,Card
1981,984,21-09-2024,17193,Card
1982,985,15-09-2024,17943,Cash
1983,986,13-09-2024,4310,Card
1984,987,23-09-2024,19845,Card
1985,987,17-09-2024,371,Card
1986,988,25-09-2024,15216,Cash
1987,989,23-09-2024,11772,Cash
1988,990,27-09-2024,30721,UPI
1989,990,23-09-2024,754,UPI
1990,990,24-09-2024,1445,Cash
1991,991,21-09-2024,10733,Cash
1992,992,23-09-2024,13388,UPI
1993,993,23-09-2024,11000,Cash
1994,993,22-09-2024,271,UPI
1995,993,29-09-2024,3314,UPI
1996,994,27-09-2024,8087,UPI
1997,994,21-09-2024,13205,Card
1998,995,27-09-2024,23600,UPI
1999,995,01-10-2024,495,Card
2000,996,01-10-2024,35138,Card
2001,996,01-10-2024,158,Cash
2002,996,30-09-2024,2186,UPI
2003,997,02-10-2024,1389,Card
2004,998,03-10-2024,644,UPI
2005,998,05-10-2024,8457,Cash
2006,998,28-09-2024,3862,UPI
2007,999,30-09-2024,9980,UPI
2008,999,28-09-2024,18826,UPI
2009,1000,05-10-2024,894,Cash
2010,1000,07-10-2024,7596,UPI
2011,1000,28-09-2024,1157,Card
